"row";"col";"z";"a";"dn";"rr";"pred"
28;286;82,2;3,04589369051038;2929,44444444444;5,46198466956702;4,43489993018617
32;288;81;2,6654767083115;2835,66666666667;5,28713486637663;4,35236634409876
40;285;78,6;3,40513917657756;2500,88888888889;4,66293764242801;4,22462534818224
47;286;76,5;3,27370624478402;2378,44444444444;4,43463849181686;4,07540744703078
47;291;76,5;2,14617479286255;2252,11111111111;4,19908846074166;4,0264611568251
167;208;48,9;34,7174649707266;2122;3,95649471721566;3,61648396064772
172;207;48;36,0406270928277;2106;3,9266625233064;3,45990310546157
132;141;69,9;43,4282540851817;2074,88888888889;3,86865547959395;3,92734495035381
136;173;62,7;37,778404257508;2045,77777777778;3,81437746012016;3,93327000443649
134;159;65,7;40,3595417357364;2043,77777777778;3,8106484358815;3,89877485081847
150;188;56,7;36,7784196296194;2040,33333333333;3,80422622747048;3,84786608582073
138;160;64,8;40,8471977682752;2035,33333333333;3,79490366687383;3,84617342671656
136;156;66;41,2967009708858;2028,55555555556;3,78226641806505;3,86546753316495
137;170;63;38,5956472736158;2017,88888888889;3,76237828879221;3,90166346411152
141;178;60,6;37,5251664046483;1998,77777777778;3,7267453905117;3,8966215852374
142;164;63;40,7349895062231;1996,77777777778;3,72301636627305;3,79552294261613
144;177;60;38,2782908800398;1978,88888888889;3,68966231613839;3,84260868783034
148;180;58,5;38,3145184636828;1967,77777777778;3,66894551481251;3,80312344506451
155;185;56,1;38,4430535018366;1921,33333333333;3,58234928527035;3,72796386818472
85;282;65,1;4,90663335654932;1828,55555555556;3,4093639941993;3,54671841126264
85;278;65,4;5,96056165733538;1816,44444444444;3,38678268075409;3,61130225429578
89;286;63,9;3,92194250637226;1796,33333333333;3,34928527035426;3,44964664298084
84;289;65,4;3,04056727389164;1787,77777777778;3,33333333333333;3,46599015556914
92;279;63;5,88738942747776;1787,44444444444;3,33271182929356;3,51651221873844
162;187;54;39,3344330060905;1767,11111111111;3,29480008286721;3,59643227928009
168;183;53,4;41,5663696375495;1762,33333333333;3,28589185829708;3,4298525112961
168;178;54,3;42,7542574341049;1746,22222222222;3,25585249637456;3,39473141765077
93;285;62,7;4,27199171083552;1722,55555555556;3,21172570955045;3,42157860251481
177;208;46,5;36,8327649358691;1718,44444444444;3,20406049305987;3,28925292052047
88;294;63,9;1,75203049802155;1690,22222222222;3,15143981769215;3,34037137668024
173;192;50,4;40,397131733714;1676,55555555556;3,12595815206132;3,35443342726548
180;204;46,5;38,6887894248674;1635,44444444444;3,04930598715558;3,19179359062245
456;542;86,4;237,222825146684;1582,33333333333;2,9502796768179;2,06910894309569
243;86;66,9;74,9937950448127;1413,77777777778;2,63600580070437;2,45397524449307
250;82;67,5;76,9862335498684;1396,66666666667;2,60410192666252;2,41826027661222
242;92;65,1;74,3271794904568;1358,77777777778;2,53345763414129;2,3980253721218
97;346;62,7;347,396685467419;1337,55555555556;2,49388854360887;2,64592659641655
251;92;64,5;76,6446590370926;1309,77777777778;2,44209654029418;2,30144572784588
243;99;63;74,0733834427223;1308,11111111111;2,4389890200953;2,32321053538769
259;85;66;79,0996818486438;1306,22222222222;2,4354671638699;2,2896027169053
259;91;64,2;78,7952938163296;1275,55555555556;2,37828879221048;2,22629454329969
253;97;63;76,8615275359805;1265,33333333333;2,35922933499068;2,23757419456336
104;348;60,9;346,410565191223;1235;2,30267246737104;2,53891966564963
262;97;62,4;79,286876977209;1221,66666666667;2,27781230577999;2,14607823519151
252;105;60,6;76,067240669119;1221;2,27656929770043;2,17656699414146
110;350;59,4;345,434235753443;1218,11111111111;2,27118292935571;2,44842581056615
220;175;45;57,3224966375526;1201,33333333333;2,23990055935364;2,29935134554054
124;352;55,5;343,733562747438;1189,22222222222;2,21731924590843;2,25981105304227
224;175;44,4;58,6351127090173;1177,88888888889;2,19618810855604;2,23210722719078
258;105;60,3;77,7352262721076;1177,33333333333;2,19515226848974;2,11834732000356
223;172;45,3;58,9052819142511;1175;2,19080174021131;2,25584862464587
265;102;60,6;79,8603438328229;1163,66666666667;2,16967060285892;2,06940114435422
258;111;58,5;77,359192864501;1155;2,15351149782474;2,07200975914313
223;184;42,3;56,3667171724877;1149,44444444444;2,1431530971618;2,22526146375165
263;110;58,5;78,8636905688183;1148,88888888889;2,1421172570955;2,03064318066911
129;354;54;342,674513853582;1142,22222222222;2,12968717629998;2,17931873491446
223;191;40,5;54,7105692660135;1131,66666666667;2,1100062150404;2,20136522137196
131;357;53,7;341,565051177078;1129,44444444444;2,10586285477522;2,13530853997528
90;339;64,5;349,635283354996;1121,88888888889;2,09177542987363;2,81015317209979
273;105;59,4;81,9930259223034;1119,11111111111;2,08659622954216;1,97610841392582
234;169;44,4;63,1741200654691;1116,11111111111;2,08100269318417;2,08815049105969
229;183;41,4;58,6790424878277;1111,11111111111;2,07168013258753;2,11963623593553
140;351;50,7;342,534248227452;1100,11111111111;2,05117049927491;2,08017704828218
228;189;40,2;56,967102376585;1097;2,04536979490367;2,12308261182508
353;77;69;103,219084907017;1095,33333333333;2,04226227470479;1,87442157353687
356;76;69,6;103,886018905207;1092,77777777778;2,03749741039983;1,88867651298648
139;354;51,3;341,671548785869;1085,22222222222;2,02340998549824;2,07070965360099
232;187;39,9;58,8880011609068;1083,55555555556;2,02030246529936;2,0579962969391
137;363;52,8;339,07999451023;1082,44444444444;2,01823078516677;2,03522220278872
237;174;42,6;63,3444342386427;1077,66666666667;2,00932256059664;2,02609407821824
235;178;42;61,8668569577437;1075;2,00435052827843;2,04853206525509
279;106;59,1;83,6921422120081;1074,55555555556;2,0035218562254;1,92523777992379
275;110;57,9;82,3758074955482;1073;2,00062150403978;1,92265134300904
235;183;40,5;60,8626583706881;1058,77777777778;1,97410399834266;2,02563817144412
268;123;54,3;79,6241550799489;1057,22222222222;1,97120364615703;1,89415932073755
139;368;52,8;337,317186517066;1057,11111111111;1,97099647814377;1,98523013387329
145;353;49,5;341,344259285354;1053,22222222222;1,96374559767972;2,01204495149819
262;125;54;77,6268399658066;1052,11111111111;1,96167391754713;1,9376632414655
142;364;51,6;338,167434573536;1050,88888888889;1,95939506940128;1,97731727995963
273;119;55,2;81,3843518158359;1049,77777777778;1,9573233892687;1,87385727729074
241;171;42,9;65,323136829663;1048,66666666667;1,95525170913611;1,98016062141083
351;82;67,5;103,013766450132;1047,11111111111;1,95235135695049;1,8176736468872
315;84;65,4;93,8316394503904;1034,22222222222;1,92831986741247;1,906767747355
147;360;49,5;338,812565776809;1033,77777777778;1,92749119535944;1,9410553411972
236;192;38,1;59,2697847540798;1032;1,9241765071473;1,981886942066
243;174;42;65,5560452195835;1027,33333333333;1,91547545059043;1,94727383892795
223;527;72;288,88906702437;1023,66666666667;1,90863890615289;1,73655447144245
279;116;56,1;83,3532344761856;1019,66666666667;1,90118085767557;1,85023979332753
354;84;67,2;103,880464135865;1019,55555555556;1,90097368966232;1,7921205169526
242;180;40,5;64,1044850509097;1019,11111111111;1,90014501760928;1,93994157721574
237;199;36;57,9692534560287;1016,88888888889;1,89600165734411;1,93449525755377
251;162;44,4;70,3330737744383;1015;1,89247980111871;1,88797418590831
248;169;42,6;68,2361615112225;1014,33333333333;1,89123679303915;1,89446517556707
301;86;64,5;90,1335563537059;1014,11111111111;1,89082245701264;1,95196867289995
273;124;53,7;81,1440992005069;1011,22222222222;1,88543608866791;1,84180304834263
241;193;37,2;61,035982038114;1011;1,88502175264139;1,90787754285742
154;352;46,8;340,631597650414;1009,33333333333;1,88191423244251;1,92168153221382
227;527;71,7;287,978418408823;1006,11111111111;1,87590636005801;1,71386870141712
159;342;44,4;343,654314061927;1000,44444444444;1,86534079138181;1,94003211152584
252;169;42,3;69,7549517819602;996,111111111111;1,85726123886472;1,8484943854118
281;122;54;83,7655199044588;995,444444444444;1,85601823078517;1,78819063633531
161;346;44,1;341,935492865588;992;1,84959602237415;1,88680705455673
242;196;36;60,7595221668929;991,222222222222;1,84814584628133;1,87303354817961
247;179;39,9;66,2347041342539;988,666666666667;1,84338098197638;1,86907223421372
275;131;51,6;81,4444417565871;984,111111111111;1,83488709343277;1,78483256330904
158;354;45,9;339,421926415676;981,555555555556;1,83012222912782;1,86757046754733
257;165;42,9;72,2016447530415;981,111111111111;1,82929355707479;1,80441592031587
249;185;38,1;65,9685077113166;977,222222222222;1,82204267661073;1,82353083322008
164;338;42,6;344,638383688151;975,111111111111;1,81810648435881;1,91666555912993
251;180;39,3;67,6677110993513;968,666666666667;1,80609073958981;1,81857894086272
157;360;46,8;337,479434397103;964,777777777778;1,79883985912575;1,84026513929266
161;353;45;339,376468616675;964,333333333333;1,79801118707272;1,84450722622566
242;206;33,6;58,2405199151872;958,111111111111;1,78640977833023;1,83946020052417
166;344;42,6;342,077751402927;958,111111111111;1,78640977833023;1,85175846390999
247;195;35,7;63,1100234999005;957,666666666667;1,78558110627719;1,81318940272131
218;516;69,6;290,948376406114;954,888888888889;1,78040190594572;1,65756751611623
281;130;51,6;83,4754595353017;954,222222222222;1,77915889786617;1,73922489765434
166;469;64,8;308,597552813708;952,222222222222;1,77542987362751;1,71433591013764
256;174;40,5;70,6192162153489;949,333333333333;1,77004350528278;1,78245704593297
261;165;42,6;73,7479142911396;949,333333333333;1,77004350528278;1,76145250822677
245;208;32,7;59,0362434679265;948,555555555556;1,76859332918997;1,79229758825675
168;348;42,3;340,277722235553;948,222222222222;1,7679718251502;1,80089146220808
278;139;49,2;82,0686679828955;946,666666666667;1,76507147296457;1,71793832528883
233;227;30;47,4366482468101;944;1,76009944064636;1,86697725127326
232;215;33;51,2993537061305;941,333333333333;1,75512740832815;1,94585508962955
239;219;30,9;52,9617508910081;940;1,75264139216905;1,82605898174525
256;184;37,5;69,0944306630845;934,888888888889;1,74311166355915;1,73961160229167
347;94;63,9;102,690286547465;933,555555555556;1,74062564740004;1,69646740241223
166;358;44,1;336,852841949658;929,444444444444;1,73296043090947;1,76316441312068
252;192;36;65,9151366290332;928,222222222222;1,73068158276362;1,76438671990969
231;521;69,6;287,494473304859;928,222222222222;1,73068158276362;1,6222380412403
260;174;40,2;72,2471115702506;928,111111111111;1,73047441475036;1,73902697660978
249;202;33,6;62,397512885605;928;1,7302672467371;1,76076613664875
222;517;69,3;289,929966322415;924,555555555556;1,72384503832608;1,63510127679017
340;101;61,2;101,19942966115;924,222222222222;1,72322353428631;1,63939622273909
238;227;29,1;49,6241513284291;921,666666666667;1,71845866998135;1,797016803096
266;171;40,5;75,0823525354914;921,666666666667;1,71845866998135;1,68559376405075
282;140;48,6;83,424830298026;920,555555555556;1,71638698984877;1,67659292176108
242;216;30,9;55,304846468766;919,666666666667;1,7147296457427;1,78901678490456
248;210;31,5;59,8815297031405;918,777777777778;1,71307230163663;1,73622538035994
294;130;51,3;87,8167606998175;918,555555555556;1,71265796561011;1,6428997435884
301;69;69,6;90,1237487914065;916,888888888889;1,70955044541123;2,16090607582792
288;134;50,4;85,7065692707027;916,777777777778;1,70934327739797;1,66644225508229
246;218;30;56,5510072625253;909,777777777778;1,69629169256267;1,73590218545369
283;146;46,8;83,5377293631609;907,777777777778;1,69256266832401;1,63859029083897
242;224;29,1;52,5946433685914;905,111111111111;1,6875906360058;1,75761181100058
262;180;38,1;72,2812111225484;900,333333333333;1,67868241143567;1,68908254753468
336;106;59,7;100,343726204608;898,888888888889;1,67598922726331;1,61245502707626
166;366;45;334,034434354835;898,888888888889;1,67598922726331;1,71933998686054
274;162;42,6;79,1681853250253;897,888888888889;1,67412471514398;1,64522754137865
257;193;35,1;67,9692251275432;895,111111111111;1,66894551481251;1,69920508130182
178;346;39,3;339,623564786164;894,666666666667;1,66811684275948;1,71482207748601
256;199;33,6;66,3262184191426;891,333333333333;1,66190180236172;1,68884948890505
334;109;58,5;99,9226166650888;891,333333333333;1,66190180236172;1,58868208747054
247;221;28,8;56,0611824615918;891,111111111111;1,6614874663352;1,69907638270585
271;165;41,7;77,7176724186393;889,666666666667;1,65879428216283;1,65660615580048
262;188;36;71,1079137004086;888,888888888889;1,65734410607002;1,6624323680458
292;138;48,9;87,0057188839047;888,888888888889;1,65734410607002;1,61087613105465
327;113;57;98,0445224633356;888,111111111111;1,65589392997721;1,58299603936449
175;357;41,4;335,762763911963;888,111111111111;1,65589392997721;1,68055618776993
279;153;45;81,7068171198818;887,888888888889;1,65547959395069;1,64071295064036
252;210;30,9;61,8126262354242;887,666666666667;1,65506525792418;1,68535347426498
223;511;67,5;290,212244772738;887,111111111111;1,65402941785788;1,57155900322326
173;360;42,3;334,9831065219;886,777777777778;1,65340791381811;1,68314449975407
270;173;39,6;76,5467646935446;882,555555555556;1,64553552931427;1,63709713372862
219;507;66,9;291,537817211914;882,555555555556;1,64553552931427;1,56443086235405
301;131;51;90,1690136086285;881,666666666667;1,6438781852082;1,59224566784639
267;181;37,5;74,3399708681565;880,333333333333;1,6413921690491;1,63535915453861
296;138;48,9;88,4137530398801;878,444444444444;1,6378703128237;1,58430262350088
183;346;38,1;338,831900529448;877;1,63517712865134;1,67108484097506
285;152;45;84,0412094367588;875,444444444444;1,63227677646571;1,59482390846429
178;356;40,5;335,626563066454;875,222222222222;1,6318624404392;1,65888790599509
290;145;47,1;86,1370171284949;874,888888888889;1,63124093639942;1,59350183097306
210;501;66,3;294,293063309623;874,666666666667;1,6308266003729;1,57384958156998
265;190;35,1;72,189503612078;874,222222222222;1,62999792831987;1,62150996095329
258;205;31,5;66,0096840341599;874;1,62958359229335;1,63611389530082
325;117;55,8;97,604869279515;871,111111111111;1,62419722394862;1,56291125092351
279;161;42,6;81,2384066094815;869,555555555556;1,621296871763;1,60437081580537
563;225;82,2;163,95375671602;869,111111111111;1,62046819970996;1,97662454134109
302;136;49,5;90,5224394369587;866,111111111111;1,61487466335198;1,55718654499923
322;118;55,5;96,7189443866841;865,111111111111;1,61301015123265;1,57086761709838
252;217;29,1;59,8503382989842;864,333333333333;1,61155997513984;1,65697559737354
322;113;57;96,541346377066;863,444444444444;1,60990263103377;1,60808114796326
317;123;53,7;95,3108244398718;857,888888888889;1,59954423037083;1,5560661355368
274;177;38,1;77,8894022323456;856,777777777778;1,59747255023824;1,58181381874373
289;152;45;85,5717911566167;856,555555555556;1,59705821421173;1,56606393217256
308;131;51;92,5335588883946;855,888888888889;1,59581520613217;1,55004570807718
279;169;40,2;80,7144069647244;855,555555555556;1,5951937020924;1,56986392345284
217;500;65,1;292,711570723476;854,444444444444;1,59312202195981;1,51798667546017
251;229;26,4;55,304846468766;851,666666666667;1,58794282162834;1,62263553690203
186;350;37,5;336,620476047223;848,444444444444;1,58193494924384;1,61556430855641
189;343;36;339,134858429031;845,444444444444;1,57634141288585;1,62948154855162
323;124;53,7;97,2648105840843;842,333333333333;1,57054070851461;1,524028887576
456;532;84;236,110494961953;840,555555555556;1,56722602030247;2,01410938650315
181;362;40,5;332,767640467087;839,444444444444;1,56515434016988;1,60285524977327
265;207;30,3;69,2092747255853;839,222222222222;1,56474000414336;1,55614673104562
191;340;35,1;340,164074973294;838,666666666667;1,56370416407707;1,62758147244868
285;162;42;83,6144074874329;836,555555555556;1,55976797182515;1,5492437810615
278;181;36,6;79,3369278747316;835,222222222222;1,55728195566604;1,52828717172665
255;226;26,4;58,5859912078889;832,111111111111;1,5514812512948;1,58560748729016
257;222;27;61,0074042960998;829,666666666667;1,54692355500311;1,57586447093992
189;358;37,8;332,720065322291;829,111111111111;1,54588771493681;1,55111859346622
315;131;51,3;94,889504806703;828,333333333333;1,544437538844;1,51596429482907
194;345;34,8;337,322858383755;823,777777777778;1,53594365030039;1,57143087143045
264;213;28,5;67,3568913292943;822,777777777778;1,53407913818106;1,53697655530354
286;170;39,6;83,6598082540901;821;1,53076444996892;1,50760001833374
322;131;51,6;97,2290013155194;821;1,53076444996892;1,48413608491267
254;234;24,6;55,0369024539635;819,111111111111;1,52724259374353;1,56348106899328
196;340;33,6;339,293887602585;817,333333333333;1,52392790553139;1,57848887384339
192;353;36,3;334,179008025811;815,222222222222;1,51999171327947;1,54804697627719
257;232;24,6;57,5829624940769;814,666666666667;1,51895587321318;1,53888668549691
253;237;24;53,2023542446256;812,888888888889;1,51564118500104;1,55976856431391
318;138;49,2;96,1466256596467;812;1,51398384089497;1,45863367633659
286;176;37,8;83,3569258974188;808;1,50652579241765;1,48288307081798
285;180;36,6;82,6702522832413;804;1,49906774394034;1,47414131971227
262;223;26,1;63,5829996032663;802,111111111111;1,49554588771494;1,51968842038968
273;205;30;73,9358155073284;801,555555555556;1,49451004764864;1,48275295167461
265;218;27;66,7176437865103;801,444444444444;1,49430287963538;1,50688121991871
274;200;31,5;75,2283785078325;798,888888888889;1,48953801533043;1,49517160269765
269;215;27,6;69,7751405688319;796,333333333333;1,48477315102548;1,48419905041139
191;364;38,1;329,890182367327;793,777777777778;1,48000828672053;1,50812556852121
198;343;33,6;337,479434397103;793,555555555556;1,47959395069401;1,54885539963147
262;229;24,6;61,6992442339936;786,222222222222;1,46592086181893;1,49792971680212
271;209;29,1;72,1304517003468;786;1,46550652579242;1,4878778045771
205;341;31,2;337,018987350019;782,888888888889;1,45970582142117;1,49248816067092
193;369;38,4;327,494333718418;782,111111111111;1,45825564532836;1,47386722846024
201;347;33,3;334,951590694763;779,111111111111;1,45266210897037;1,50312107423035
291;174;38,4;85,7052167429773;778;1,45059042883779;1,45507787592159
288;182;36;83,9784098609567;774,777777777778;1,44458255645328;1,44437021550286
208;337;30;338,466075869674;773,444444444444;1,44209654029418;1,48805680748414
207;345;31,2;334,548549432355;768,666666666667;1,43318831572405;1,45766043203536
196;366;37,2;327,920750335832;768,333333333333;1,43256681168428;1,46152636051856
292;182;36;85,897203076758;766,888888888889;1,42987362751191;1,41600278384155
210;334;29,1;339,687173729793;766,333333333333;1,42883778744562;1,48527922176535
198;361;36;329,449030126459;764,666666666667;1,42573026724674;1,46593131890125
276;207;29,1;75,316780247604;763,777777777778;1,42407292314067;1,44633843873672
262;237;22,5;58,7715997170824;763,666666666667;1,42386575512741;1,46452136519403
280;206;29,1;77,7604001630682;763,444444444444;1,42345141910089;1,41540337413569
266;231;23,4;63,6000658860331;762,555555555556;1,42179407499482;1,44694520587249
199;369;36,9;325,985497778968;761,888888888889;1,42055106691527;1,4274106921437
277;198;31,8;77,087059246149;760,555555555556;1,41806505075616;1,47422751662092
269;228;24;66,5158847094951;759;1,41516469857054;1,43438139764362
189;448;55,8;307,086808700735;758,222222222222;1,41371452247773;1,453934165449
207;349;31,8;332,583481877766;757,333333333333;1,41205717837166;1,44119075651952
188;453;57;306,416378519886;756,555555555556;1,41060700227885;1,4704553134986
205;356;33,3;329,836908761561;754,222222222222;1,40625647400041;1,42784191808915
566;228;82,8;164,72662260428;750,666666666667;1,39962709757613;2,00177134671222
512;310;63,9;182,57184060785;746,444444444444;1,3917547130723;1,171998122128
210;350;31,2;331,323046229056;745,888888888889;1,39071887300601;1,41390468910362
269;234;22,2;64,6538240580533;744,222222222222;1,38761135280713;1,40711631361893
213;337;28,5;337,356891329294;744;1,38719701678061;1,44284119017253
272;230;23,1;67,9887168020806;743,222222222222;1,3857468406878;1,39924482325738
203;369;36;324,909499699876;743;1,38533250466128;1,39867771932481
207;360;33,6;327,528807709152;741,666666666667;1,38284648850218;1,40035251302268
224;323;24;343,610459665965;739,777777777778;1,37932463227678;1,41598476861402
217;339;27,9;335,246620075588;736,666666666667;1,37352392790553;1,4056483277658
220;331;26,1;339,249204410401;735,333333333333;1,37103791174643;1,4164226356163
227;318;22,8;346,607502246249;734,888888888889;1,37020923969339;1,41538082214828
578;222;86,7;164,20469986781;734,222222222222;1,36896623161384;2,10621477958761
273;233;22,2;67,8336541779175;733;1,36668738346799;1,38012757256812
209;364;33,6;325,23977462904;730,111111111111;1,36130101512326;1,36954249356016
224;327;24,6;340,893646994228;724,888888888889;1,3515641185001;1,40230998389466
231;319;21,9;345,094241476445;723,333333333333;1,34866376631448;1,38096406274552
217;347;28,8;330,887168502764;721,111111111111;1,34452040604931;1,36941353969561
212;355;31,5;328,374440464871;720,666666666667;1,34369173399627;1,38014617273508
509;309;63;182,334506436665;719;1,34058421379739;1,15013601865426
287;508;62,7;273,722430991277;718;1,33871970167806;1,29561032358711
212;365;33;323,914926957148;717,111111111111;1,33706235757199;1,34434927908146
273;240;20,1;65,5560452195835;714,777777777778;1,33271182929356;1,34997246571033
221;341;27;333,004161605913;714,555555555556;1,33229749326704;1,36411422835342
216;359;30,9;325,304846468766;714,111111111111;1,331468821214;1,3335869236971
230;322;22,2;343,040152977935;712,222222222222;1,32794696498861;1,37040215978003
510;306;63;181,503839714123;710,666666666667;1,32504661280298;1,15138273405324
218;351;29,1;328,528315466373;705,888888888889;1,31613838823286;1,34636489603601
221;354;28,8;326,061182461592;702,666666666667;1,31013051584835;1,31414908464665
189;456;57,6;305,642104978007;698,333333333333;1,30205096333126;1,47336902610058
224;346;27;329,25703535965;698,111111111111;1,30163662730474;1,32352141418692
232;327;22,2;338,850473908077;694,888888888889;1,29562875492024;1,33466489140218
237;321;20,1;342,108122870802;693,777777777778;1,29355707478765;1,31863825863416
504;317;61,5;184,635463426903;693;1,29210689869484;1,11236376117922
229;338;24,3;332,324089539971;692,333333333333;1,29086389061529;1,31283399730641
238;324;20,1;339,393739386163;690,444444444444;1,28734203438989;1,29889283656429
276;239;20,1;68,2789491980027;690,333333333333;1,28713486637663;1,33042072622721
235;328;21,6;337,225030451114;684,888888888889;1,27698363372695;1,30993947398233
234;332;22,2;334,653824058053;684,555555555556;1,27636212968718;1,29917748824266
231;343;24,6;328,553764097732;683,222222222222;1,27387611352807;1,28200103953155
227;347;26,4;327,68038349182;682;1,27159726538222;1,29860433545857
280;242;18,9;70,6881434356473;680,444444444444;1,2686969131966;1,28926966311925
278;246;18;67,5670090778746;679,333333333333;1,26662523306401;1,29082186259836
223;357;29,1;323,90674418378;675,555555555556;1,25958152061322;1,2943646466728
230;348;25,8;326,02953122398;674;1,25668116842759;1,27427108941257
275;250;17,1;63,2084844705808;672,111111111111;1,2531593122022;1,29603191911295
224;365;30,3;319,864514437761;671,444444444444;1,25191630412264;1,26472160074828
275;254;16,2;61,2602047083119;669,444444444444;1,24818727988399;1,28535128161885
282;247;17,1;70,9249015075545;669,222222222222;1,24777294385747;1,25351216413034
283;244;18;72,7904424794521;667,666666666667;1,24487259167185;1,2589990600769
275;228;23,1;70,621995944607;667,222222222222;1,24404391961881;1,37522512132407
501;316;60,6;184,420557291203;666,555555555556;1,24280091153926;1,0932568975997
237;333;21,6;332,896132925039;665,555555555556;1,24093639941993;1,27502253289203
228;360;28,2;320,624628041446;665,333333333333;1,24052206339341;1,24962306319135
241;326;19,5;336,801409486352;665,222222222222;1,24031489538015;1,26960266912449
259;286;13,5;19,2592916437672;665;1,23990055935364;1,29308503291954
288;497;59,4;273,639865230727;663,555555555556;1,23720737518127;1,21853704800715
235;345;24;325,80823094032;663;1,23617153511498;1,24926574339137
281;253;15,6;67,6805596070249;662,777777777778;1,23575719908846;1,24184775371417
231;354;26,4;322,411492859179;662,555555555556;1,23534286306194;1,24696814288006
237;338;22,2;329,435974978975;662,555555555556;1,23534286306194;1,25600961880443
263;286;12,3;21,1398248086577;658,666666666667;1,22809198259789;1,26006876507104
287;244;17,7;76,5618118416493;656,888888888889;1,22477729438575;1,23091131111518
278;266;12,6;56,888658039628;655,888888888889;1,22291278226642;1,22062711518812
239;342;22,5;325,988651096494;654;1,21939092604102;1,23202782672345
285;494;58,5;274,579805595868;653,888888888889;1,21918375802776;1,20557681767152
232;364;28,2;317,169257589729;653,111111111111;1,21773358193495;1,21598435338274
277;259;14,4;60,4786381654184;652,222222222222;1,21607623782888;1,2482126158682
227;366;29,7;318,293964987845;652,111111111111;1,21586906981562;1,24193794126209
270;279;11,4;35,1806993612421;650,666666666667;1,21317588564326;1,23266898483045
266;288;11,1;19,9164059938091;650,555555555556;1,21296871763;1,226941669199
249;320;16,8;339,261290852478;650,111111111111;1,21214004557696;1,23784562008476
282;260;13,5;65,4495476107926;650;1,2119328775637;1,2105334849263
260;299;12,3;2,12109639666147;647,888888888889;1,20799668531179;1,23214442056623
261;294;12,3;9,34467190209966;647,777777777778;1,20778951729853;1,24678088733041
290;245;17,1;79,286876977209;647,555555555556;1,20737518127201;1,20570256125552
271;252;17,1;58,6900496174655;647,222222222222;1,20675367723224;1,31941168910179
269;244;19,5;60,8593662666057;646,666666666667;1,20571783716594;1,36747545064981
247;325;17,7;335,394876082048;644;1,20074580484773;1,23056490133331
238;352;24,6;320,511477416021;641,777777777778;1,19660244458256;1,21034590267918
264;297;11,1;5,47736872882885;641,555555555556;1,19618810855604;1,21010732439837
253;316;15,3;341,927677851041;640,555555555556;1,19432359643671;1,22467751084127
290;251;15,3;78,0238675557966;640,444444444444;1,19411642842345;1,18615380554957
272;288;9,6;23,6820877245384;640;1,19328775637042;1,19002848571077
286;256;14,1;71,9521789312289;639,666666666667;1,19266625233064;1,19519173326674
265;293;11,1;11,9293221772383;639,222222222222;1,1918375802776;1,21976516076434
257;312;13,8;345,191622960958;639;1,19142324425109;1,21097146163253
248;329;18;331,504361381755;638,888888888889;1,19121607623783;1,21136789001248
268;296;9,9;7,88313931672974;638,333333333333;1,19018023617154;1,18550672556689
278;271;11,4;52,6668042618142;638,222222222222;1,18997306815828;1,20478077088016
263;303;11,4;356,18592516571;637,777777777778;1,18914439610524;1,19731307066782
235;358;26,4;318,72131326475;637,666666666667;1,18893722809198;1,21283263787105
278;275;10,5;48,5763343749973;637,555555555556;1,18873006007872;1,19254284639513
280;224;24;74,9986815395285;637,444444444444;1,18852289206547;1,35222897619536
281;265;12,3;61,2201936956028;637;1,18769422001243;1,20120451125735
286;240;18,9;76,5221772467587;636,444444444444;1,18665837994614;1,25061394704264
245;336;19,8;327,395406833758;635,666666666667;1,18520820385332;1,20868785665411
261;309;12,3;347,855721950433;635;1,18396519577377;1,19191859976852
243;348;22,5;320,440332031005;634;1,18210068365444;1,18840077225622
256;320;14,7;336,336859291806;633,222222222222;1,18065050756163;1,18831820835854
286;260;13,2;70,3013786254197;633;1,18023617153511;1,18655213910858
287;252;15,3;74,4454287299256;632,777777777778;1,1798218355086;1,20367763041712
234;368;28,5;314,572427493167;632,777777777778;1,1798218355086;1,19447848563008
273;284;9,9;30,9637565320735;631,111111111111;1,17671431530972;1,19675802638271
287;491;57,6;274,053554231831;628,111111111111;1,17112077895173;1,18477406861518
239;358;25,5;316,925183708323;626,111111111111;1,16739175471307;1,18860707999676
246;339;20,1;324,761774775042;625,777777777778;1,1667702506733;1,19412771366148
276;285;9;32,3196165081802;625,222222222222;1,165734410607;1,1742995621162
294;249;15,6;82,8065299447045;624,666666666667;1,16469857054071;1,16635334560049
285;272;9,9;61,46001481204;624,444444444444;1,16428423451419;1,15389285870506
282;269;11,1;59,5742161980387;624,222222222222;1,16386989848767;1,18164135060132
290;259;12,9;75,8014459761368;624;1,16345556246116;1,16053323854909
281;273;10,2;54,6598930784423;623,666666666667;1,16283405842138;1,17447932048556
239;362;26,4;315;623,333333333333;1,1622125543816;1,18014302600071
280;279;9;46,3639275316029;623;1,16159105034183;1,16233225819693
243;356;24,3;316,013978722785;622,111111111111;1,15993370623576;1,17055142118417
253;332;17,4;326,4493379885;622,111111111111;1,15993370623576;1,1733691852426
277;291;7,8;22,0112831979194;622;1,1597265382225;1,14715739142227
254;327;16,2;330,321510074865;621,777777777778;1,15931220219598;1,17989444214584
278;282;9;39,4278021960362;620,666666666667;1,15724052206339;1,16974994403189
285;267;11,1;65,1706534118504;619,111111111111;1,15434016987777;1,16649478506247
252;335;18;324,574227885092;619,111111111111;1,15434016987777;1,16917649024527
264;306;11,1;351,430858120162;618,777777777778;1,15371866583799;1,17902033662169
267;303;10,2;355,732106699709;618,777777777778;1,15371866583799;1,17111964855382
250;344;20,1;319,25884612217;618,111111111111;1,15247565775844;1,15688053995384
268;300;9,9;0,881403996582151;617,777777777778;1,15185415371867;1,17475663053357
297;246;16,5;86,3255004791703;617,333333333333;1,15102548166563;1,15871229688643
250;338;19,2;323,403371090561;617,333333333333;1,15102548166563;1,17501397058387
260;323;14,1;330,945395900923;616,666666666667;1,14978247358608;1,15536687625474
242;368;27;310,914383220025;616,111111111111;1,14874663351978;1,15062893968356
248;351;21,9;316,112399616298;615,888888888889;1,14833229749327;1,15106655872215
271;298;9;4,84400037508067;615,777777777778;1,14812512948001;1,16129054039033
261;319;13,2;334,903749537308;615,555555555556;1,14771079345349;1,15975626494087
246;358;24;313,465658500299;614,333333333333;1,14543194530764;1,14837988498396
295;242;17,7;84,6290053044643;613,444444444444;1,14377460120157;1,18247055308649
351;480;56,1;254,28674042545;612;1,14108141702921;1,06887418203362
274;301;8,1;358,919075813339;611,555555555556;1,14025274497618;1,13458528829816
283;237;19,8;74,592296359358;610,888888888889;1,13900973689662;1,27920867459051
292;482;54,9;272,681314317676;610,666666666667;1,13859540087011;1,12914427129654
271;305;9;351,32682595212;610,666666666667;1,13859540087011;1,13892898410282
351;486;57,9;254,771019880673;608,555555555556;1,13465920861819;1,10228153238961
283;284;7,5;43,3153156821037;607,888888888889;1,13341620053864;1,13334931818576
270;308;9,6;346,184974658738;607;1,13175885643257;1,13846553169596
479;237;57;160,417376057363;606,555555555556;1,13093018437953;1,07565579688264
267;314;11,1;338,051300916473;606,444444444444;1,13072301636627;1,14022795555178
260;329;15;324,865806943084;606,222222222222;1,13030868033976;1,13800531320394
465;383;55,5;206,634669343926;603,888888888889;1,12595815206132;0,987114764744515
254;346;19,8;315,622755687206;602,555555555556;1,12347213590222;1,13086345345619
474;234;56,1;159,028905999906;600,777777777778;1,12015744769008;1,06461632009083
248;363;24,6;310,03025927189;600,666666666667;1,11995027967682;1,12695944924347
251;358;22,8;310,724158887371;599,666666666667;1,11808576755749;1,12000213961237
256;349;19,8;312,537183324083;598;1,11497824735861;1,11176158223185
269;311;10,2;341,565051177078;597,888888888889;1,11477107934535;1,13666302326043
257;340;17,7;317,75910765862;597,666666666667;1,11435674331883;1,12659317201054
287;284;6,6;50,7105931374996;595,666666666667;1,11062771908017;1,1084924940077
266;245;19,8;58,1340223063963;595,333333333333;1,1100062150404;1,39305255874856
271;315;9,9;333,82471001824;594,666666666667;1,10876320696085;1,11113959864492
267;322;12;327,308015817428;594,333333333333;1,10814170292107;1,11551672468473
354;475;54,9;252,954970688696;593,444444444444;1,106484358815;1,04513908945035
246;371;27;307,705803691459;593;1,10565568676196;1,12494096733298
281;294;6,3;18,434948822922;591,888888888889;1,10358400662938;1,11357715469393
253;353;21,3;312,137594773888;591,444444444444;1,10275533457634;1,11945306236588
261;333;15,6;320,552971033037;590,777777777778;1,10151232649679;1,12299618978224
277;311;7,8;335,924501744921;590,666666666667;1,10130515848353;1,08908618371084
283;297;5,4;11,3099324740202;590,111111111111;1,10026931841724;1,09258906440005
268;318;11,1;331,699244233994;589,888888888889;1,09985498239072;1,11998647366735
274;310;8,7;340,277722235553;589,888888888889;1,09985498239072;1,11071938584383
280;305;6,6;347,619243071193;589,444444444444;1,09902631033768;1,09194096249412
260;351;19,5;308,728922550499;589,111111111111;1,09840480629791;1,08736348531719
264;336;15,6;315,795723552739;588,888888888889;1,09799047027139;1,09980512979492
284;289;6,3;34,8753283446022;588,555555555556;1,09736896623161;1,11315247043731
251;369;25,5;305,852919615125;587,888888888889;1,09612595815206;1,10202169843182
279;301;6,6;358,66778014613;587,888888888889;1,09612595815206;1,10576442034358
260;344;18;312,954591511113;587;1,09446861404599;1,10204216003601
286;293;5,1;27,3498757800699;586,555555555556;1,09363994199296;1,09005024206774
254;357;22,2;309,454682691138;586,444444444444;1,0934327739797;1,107596628424
474;240;55,5;160,776174634286;585,666666666667;1,09198259788689;1,04932628955968
260;338;16,8;317,202598161766;585,444444444444;1,09156826186037;1,11617077647024
253;363;23,7;307,234833981575;584,777777777778;1,09032525378082;1,10150501479921
291;241;18,3;80,9285024228228;583,222222222222;1,08742490159519;1,21300268371062
303;476;52,8;269,183876004414;581,888888888889;1,08493888543609;1,0787223092177
274;322;10,5;320,946863053974;581,333333333333;1,08390304536979;1,07951544795513
271;320;10,8;326,534620653645;579,444444444444;1,0803811891444;1,09992756001812
265;332;14,4;318,416588191771;579,333333333333;1,08017402113114;1,1025909803895
383;184;42,9;125,304390076618;579,111111111111;1,07975968510462;1,07135831586857
282;310;6,3;332,818888914523;578,333333333333;1,07830950901181;1,06524208136131
271;329;12,6;315,98776039964;577,777777777778;1,07727366894551;1,07885303877072
266;339;15,6;311,863641631667;577;1,0758234928527;1,08114252211159
264;344;17,1;309,999355402442;575,888888888889;1,07375181272012;1,08082716269001
248;374;27,3;305,537677791974;575,666666666667;1,0733374766936;1,11010059262321
298;472;51,6;270,835156292221;575,555555555556;1,07313030868034;1,07032563015499
272;325;11,4;319,316027519866;574,444444444444;1,07105862854775;1,08169029498378
350;473;54;253,988822521192;574,333333333333;1,07085146053449;1,0347674535122
402;184;46,5;131,06383388731;573,444444444444;1,06919411642842;1,06742968294056
261;356;20,7;305,439903519114;573,222222222222;1,06877978040191;1,07441482611881
289;291;4,5;39,5596679689945;572,111111111111;1,06670810026932;1,07588617063205
255;366;24;304,78602701493;571,777777777778;1,06608659622954;1,08656290398863
285;305;5,1;343,810793742973;571,444444444444;1,06546509218977;1,06488429181858
275;319;9,6;324,039482803355;569,222222222222;1,06132173192459;1,08053626651072
290;297;3,6;18,434948822922;568,444444444444;1,05987155583178;1,06063177208155
398;189;44,7;131,167730253805;567,666666666667;1,05842137973897;1,04907725922871
288;300;3,9;2,29061004263852;566,555555555556;1,05634969960638;1,06073834454936
261;363;22,5;302,292886498683;564,888888888889;1,0532421794075;1,06368195600797
273;335;13,5;308,558399900665;564,888888888889;1,0532421794075;1,05553112721967
278;323;9,6;315;564,666666666667;1,05282784338098;1,05533235151672
301;471;51,3;269,831977667834;564;1,05158483530143;1,06130316176615
344;472;53,4;255,767404389463;563,666666666667;1,05096333126165;1,03192565408654
256;369;24,6;303,009165020961;563,333333333333;1,05034182722188;1,07768609891364
459;381;53,7;206,925397240465;562,888888888889;1,04951315516884;0,960418989021602
267;352;18,6;303,043415756851;562,444444444444;1,04868448311581;1,05223365285741
295;294;2,7;49,7636416907262;562,111111111111;1,04806297907603;1,04087115094561
393;190;43,5;129,932838274147;561,888888888889;1,04764864304951;1,04596360607955
274;331;12,3;310,985824304589;561,666666666667;1,047234307023;1,05851201208615
269;340;15,3;308,57125225117;561,555555555556;1,04702713900974;1,06442208717321
254;373;26,1;302,675272565863;561,444444444444;1,04681997099648;1,08273829113551
278;318;8,7;322,125016348902;561,111111111111;1,0461984669567;1,06739489121089
303;464;49,2;269,123986010882;560,222222222222;1,04454112285063;1,03191525718047
291;304;3,3;339,775140568832;560,222222222222;1,04454112285063;1,03774168891154
387;189;42,6;127,803764570919;560,111111111111;1,04433395483737;1,05192390252584
277;326;10,5;312,662694140876;559,666666666667;1,04350528278434;1,05399602833609
259;372;24,9;300,131718641502;558,888888888889;1,04205510669153;1,06024462554851
389;192;42,3;129,20303138093;558,111111111111;1,04060493059872;1,04047687443692
282;323;9;309,427802196036;558;1,04039776258546;1,03713592353372
269;347;17,1;304,114472945341;557,444444444444;1,03936192251916;1,05174927872342
339;467;51,6;256,980253481838;557,333333333333;1,0391547545059;1,01153480864256
284;234;20,7;76,0651648854986;556,555555555556;1,03770457841309;1,28404901568029
267;357;19,8;300,66456458048;556,333333333333;1,03729024238658;1,04415687654103
467;365;53,7;201,175739417105;556,222222222222;1,03708307437332;0,961031341360241
317;466;50,1;264,306545892654;555,777777777778;1,03625440232028;1,02093424719849
284;213;27;79,3210528034649;555;1,03480422622747;1,3606826221734
299;463;48,9;270,528869097789;554,111111111111;1,0331468821214;1,03527079863824
273;339;14,4;305,537677791974;554;1,03293971410814;1,04738881678599
285;313;6;321,115503566285;554;1,03293971410814;1,04320071282694
290;309;4,2;321,009005957495;550,333333333333;1,0261031696706;1,0293727541633
307;465;49,5;267,737210192861;550,222222222222;1,02589600165734;1,0289204898434
470;367;54,9;201,421585813397;550;1,02548166563083;0,978466118808418
270;356;19,2;298,790975072192;549,555555555556;1,02465299357779;1,03263781401515
277;336;12,9;303,503436982414;549,555555555556;1,02465299357779;1,03410579398683
402;195;44,1;133,892972954319;548,444444444444;1,0225813134452;1,02747081341435
341;463;50,4;256,005245141414;548,222222222222;1,02216697741869;0,993232543127489
273;346;16,2;301,148580986195;548,111111111111;1,02195980940543;1,03499304504971
291;312;4,5;309,559667968995;547,666666666667;1,02113113735239;1,01759719127216
332;462;49,5;258,963227694806;547,333333333333;1,02050963331262;0,992984265214368
264;361;21,3;301,102823684985;546,555555555556;1,01905945721981;1,0519115279562
352;464;51,6;252,516369680208;546,444444444444;1,01885228920655;0,996974872246305
298;303;1,2;315;546,222222222222;1,01843795318003;1,00617652555875
265;364;21,9;299,207596471143;545,777777777778;1,01760928112699;1,04330534079434
289;317;6,3;304,875328344602;542,888888888889;1,01222291278227;1,01707230902625
266;369;23,1;296,732093792759;541,777777777778;1,01015123264968;1,03313347197742
273;350;17,1;299,054604099077;541,666666666667;1,00994406463642;1,02816193907186
287;328;9,3;296,146841235581;541,111111111111;1,00890822457013;1,00433906628918
293;308;3,3;315;540,777777777778;1,00828672053035;1,01752570699997
468;348;52,5;195,832386620422;540,555555555556;1,00787238450383;0,946900744514189
325;467;50,7;261,629160493122;540,444444444444;1,00766521649057;1,01735360417245
274;343;15,3;301,944752776203;540,222222222222;1,00725088046406;1,03566506405468
323;462;49,2;262,068667982896;540,111111111111;1,0070437124508;1,00129991547891
286;322;7,8;303,99645914825;539,111111111111;1,00517920033147;1,01979515145349
398;198;42,6;133,567903815835;539;1,00497203231821;1,0167672779303
300;455;46,5;270,185422587344;538,555555555556;1,00414336026518;1,00813042836446
306;456;46,8;267,974305621877;537,111111111111;1,00145017609281;1,00080372934413
278;341;14,1;299,054604099077;537,111111111111;1,00145017609281;1,02093703180473
314;456;47,1;265,038209289809;536,777777777778;1,00082867205304;0,990993480280938
270;369;22,8;294,001280965613;535,777777777778;0,998964159933706;1,01714560684551
285;325;9;302,31961650818;535,555555555556;0,998549823907189;1,01916203253127
281;338;12,9;297,474431626277;534,444444444444;0,996478143774601;1,01291674409144
290;322;7,2;296,029592191513;533,888888888889;0,995442303708307;1,00240325638959
321;455;47,1;262,441796596506;533,444444444444;0,994613631655272;0,98046817165785
342;459;49,5;255,327634119134;532,666666666667;0,993163455562461;0,980476608322127
293;318;6;293,198590513648;532,333333333333;0,992541951522685;0,997130641281616
297;311;3,6;288,434948822922;532,222222222222;0,992334783509426;0,993316710206187
304;449;44,7;268,649844388534;532,111111111111;0,992127615496167;0,984351633323202
276;224;24,3;72,2417415173573;531,666666666667;0,991298943443132;1,3848502812902
288;334;10,8;290,462271523422;530,666666666667;0,989434431323803;0,99000559973688
401;202;42,3;135,575817593245;530,333333333333;0,988812927284027;1,00330968655654
271;365;21,6;294,577666975277;530,222222222222;0,988605759270768;1,0172720073046
389;201;40,2;131,651405185543;529,333333333333;0,986948415164699;1,00998960216129
393;203;40,5;133,492564241225;529,111111111111;0,986534079138181;1,0016005381276
276;355;18;294,205885044496;528,555555555556;0,985498239071887;1,00826286561023
290;327;8,7;291,614778942786;527,666666666667;0,983840894965817;0,993453251059703
300;309;2,7;273,36646066343;527,111111111111;0,982805054899523;0,984589119409726
274;379;24,9;288,653633942345;527,111111111111;0,982805054899523;0,993424609000213
282;342;13,8;294,026506578679;526,888888888889;0,982390718873006;1,00212147945609
333;459;48,9;258,412271983903;526,444444444444;0,981562046819971;0,984272225203489
291;442;42,9;273,840949025337;526,444444444444;0,981562046819971;0,99438859412391
277;349;16,2;295,85186254206;526,333333333333;0,981354878806712;1,01232955307862
283;345;14,4;291,467651439099;525,777777777778;0,980319038740418;0,993507081235764
278;346;15,3;296,312648494789;524,333333333333;0,977625854568055;1,01265836534269
273;368;22,2;292,166345822082;524;0,977004350528278;1,00612345129085
289;338;12;287,04903097211;521,555555555556;0,972446654236586;0,97977262483776
306;307;2,7;229,763641690726;519,777777777778;0,969131966024446;0,964046620701164
277;362;19,8;290,912547691368;519,777777777778;0,969131966024446;0,995985538683612
271;375;24,3;291,602236084074;519,111111111111;0,967888957944893;1,00783245294849
291;331;9,6;287,300527191945;518,111111111111;0,966024445825564;0,982837482538613
330;451;46,2;258,909871228417;517,555555555556;0,964988605759271;0,958704986360982
295;326;8,1;282,171458208587;517,555555555556;0,964988605759271;0,974581979812379
279;229;22,5;73,2640041485239;516,777777777778;0,96353842966646;1,33958439666282
297;322;6,6;279,246112745563;516,777777777778;0,96353842966646;0,973903661951131
287;345;14,1;286,876264616711;516,777777777778;0,96353842966646;0,977812169235271
274;373;23,4;290,078229477415;516,444444444444;0,962916925626683;0,997785698604311
294;439;41,7;272,687000002124;515,888888888889;0,961881085560389;0,979606270019135
277;366;21;289,736901495501;515;0,960223741454319;0,992113598971377
286;341;13,2;289,69862137458;514,777777777778;0,959809405427802;0,987288908263094
283;354;17,1;288,113065807523;514,666666666667;0,959602237414543;0,981912623345457
294;321;6,6;287,592424562182;514,222222222222;0,958773565361508;0,987440504282916
314;446;44,1;264,699073483474;512,888888888889;0,956287549202403;0,962355379845034
281;364;20,1;287,071021291319;512,666666666667;0,955873213175885;0,97904849618459
300;319;5,7;271,548157698978;512,444444444444;0,955458877149368;0,966916255078482
302;316;4,8;264,472459848344;510,888888888889;0,952558524963746;0,96432938640271
305;313;4,2;250,201123645475;509,777777777778;0,950486844831158;0,957174410504134
309;309;3,9;225;509,444444444444;0,949865340791382;0,947986723609416
342;451;47,1;254,583938519364;509,444444444444;0,949865340791382;0,952832741088843
308;447;44,1;267,069327494433;509,333333333333;0,949658172778123;0,972283544458529
279;376;23,7;285,895268372581;509;0,949036668738347;0,977411720812511
306;442;42,6;267,774076104886;508,222222222222;0,947586492645536;0,96355330645014
294;434;40,2;272,787480842032;506,555555555556;0,944478972446654;0,969889928310346
321;447;44,7;262,034225434789;506,444444444444;0,944271804433395;0,956874397651128
299;434;40,2;270,643745714175;506,444444444444;0,944271804433395;0,95983011273893
327;446;44,7;259,67782792562;506,111111111111;0,943650300393619;0,948202558096378
291;342;12,9;282,893744044882;506;0,94344313238036;0,966684010698467
281;396;29,4;281,540497746609;505,777777777778;0,943028796353843;0,966858117329606
294;346;14,1;278,130102354156;505,555555555556;0,942614460327325;0,950632821712513
288;350;15,6;284,172337700132;505,555555555556;0,942614460327325;0,967743743150975
288;356;17,1;282,692665545118;504,222222222222;0,94012844416822;0,961468380888678
463;344;50,7;194,986266653545;503,777777777778;0,939299772115185;0,924996177965106
281;380;24,6;283,781597235654;503,444444444444;0,938678268075409;0,9685217348165
296;332;9,6;278,130102354156;503,222222222222;0,938263932048892;0,962150050351909
293;339;12;281,023455963743;503,222222222222;0,938263932048892;0,96304733975103
306;436;40,8;267,675617029052;503;0,937849596022374;0,950574515372031
307;316;5,1;247,249023657212;502,222222222222;0,936399419929563;0,946654889139562
288;364;19,5;281,136309431182;501,666666666667;0,935363579863269;0,954436592631016
287;408;32,7;277,157813013616;500,444444444444;0,933084731717423;0,954851877280537
284;401;30,9;279,323591778138;500,333333333333;0,932877563704164;0,959841474339403
292;349;15;279,940573033113;499,666666666667;0,931634555624612;0,954491649686448
293;426;37,8;273,419983094861;499,444444444444;0,931220219598094;0,958850028198891
297;339;11,7;275,194428907735;499,444444444444;0,931220219598094;0,948971604583988
347;448;46,5;252,502321829906;499;0,930391547545059;0,940793107196272
295;335;10,5;279,057888128618;499;0,930391547545059;0,961650546378314
289;400;30,3;276,592872707594;498,777777777778;0,929977211518542;0,945109398682797
304;322;6,6;260,753887254437;498,111111111111;0,928734203438989;0,947978761453187
302;326;7,8;266,63353933657;497,444444444444;0,927491195359436;0,948749699458022
283;390;27,6;281,063500533343;497,444444444444;0,927491195359436;0,960397453213378
342;443;44,7;253,762957578331;497,333333333333;0,927284027346178;0,928770942928863
285;366;20,4;283,313632312143;497,222222222222;0,927076859332919;0,963143971277271
303;432;39,6;268,910857830104;497;0,926662523306401;0,94842032614997
291;357;17,4;279,544525565558;497;0,926662523306401;0,950016409934468
283;377;23,7;282,885169399703;496,555555555556;0,925833851253366;0,963265348735219
337;444;44,7;255,729131391816;496,222222222222;0,92521234721359;0,934874570974456
303;333;9,9;265,601294645004;496,222222222222;0,92521234721359;0,935931782415741
465;347;51,6;195,7842591395;495,888888888889;0,924590843173814;0,935428090238139
291;420;36,3;274,545335308749;495,555555555556;0,923969339134038;0,956729277772488
296;422;36,6;272,121096396661;495,444444444444;0,923762171120779;0,9467755658837
308;430;39;266,685414179356;495;0,922933499067744;0,935574355158765
295;350;15;276,34019174591;495;0,922933499067744;0,94347220903686
287;373;22,2;280,548065418142;494,666666666667;0,922311995027968;0,952033039829379
298;345;13,5;273,215483991748;494,222222222222;0,921483322974933;0,938526054412597
313;434;40,5;264,650822570471;494,111111111111;0,921276154961674;0,9362702670805
306;325;7,8;257,347443499442;493,888888888889;0,920861818935156;0,93540197118631
312;314;5,4;229,573921259901;493,777777777778;0,920654650921898;0,932562630059681
288;378;23,7;279,162347045722;492,333333333333;0,917961466749534;0,946827710747631
291;361;18,6;278,923988443631;490,888888888889;0,91526828257717;0,946662375132776
304;424;37,2;268,37666747491;490,777777777778;0,915061114563911;0,933245519565855
307;426;37,8;267,03513869084;490,333333333333;0,914232442510876;0,930645774064617
306;329;9;259,077195280131;489,666666666667;0,912989434431324;0,930022858167475
334;438;42,6;256,307428894198;489;0,911746426351771;0,920570960450063
324;435;41,1;260,089255199845;489;0,911746426351771;0,923106748827425
287;382;24,9;279,405311500957;488;0,909881914232442;0,948797133981914
302;338;11,4;267,709389957361;487,666666666667;0,909260410192666;0,933101930453637
291;374;22,5;277,364746244983;487,666666666667;0,909260410192666;0,939054532392586
316;313;6;218,884496433715;487,333333333333;0,90863890615289;0,921918758823654
292;380;24,3;276,102779653656;487,111111111111;0,908224570126372;0,934372622647428
291;390;27,3;276,058987723978;486,888888888889;0,907810234099855;0,9369190207354
310;322;7,2;246,161259816828;486,555555555556;0,907188730060079;0,927079620297494
311;328;9;249,102234501161;486,444444444444;0,90698156204682;0,916149004438152
305;337;11,1;262,97160376105;485,777777777778;0,905738553967267;0,924943798650433
295;374;22,2;274,279463530245;485,333333333333;0,904909881914232;0,927205798641561
298;357;17,1;272,533558888395;485;0,904288377874456;0,927535073536055
313;323;7,8;240,945395900923;484,222222222222;0,902838201781645;0,916958360672812
294;360;18;276,234480095541;483,666666666667;0,901802361715351;0,937912012504446
305;353;15,9;265,100907546212;483,222222222222;0,900973689662316;0,9099061635891
319;315;7,2;218,088772880975;482,555555555556;0,899730681582763;0,908873964059416
301;419;35,7;269,758247090732;482,444444444444;0,899523513569505;0,932341974756282
311;336;11,4;253,523118606312;482;0,89869484151647;0,906532221183917
297;361;18,3;273,310941514611;481,666666666667;0,898073337476694;0,927771981385096
301;403;30,9;269,720510609455;480,888888888889;0,896623161383882;0,916820649156807
300;362;18,6;270,465809082765;480,777777777778;0,896415993370623;0,918197159460133
297;379;23,7;272,552898147172;480,777777777778;0,896415993370623;0,920399325974754
307;347;14,4;262,042474773083;480,111111111111;0,895172985291071;0,908024650690172
295;386;25,8;273,68062217303;480,111111111111;0,895172985291071;0,925418562246855
328;434;41,1;258,36031128487;480;0,894965817277812;0,917184078524868
296;393;27,9;272,785166422114;479,888888888889;0,894758649264554;0,92392167379141
322;431;39,9;260,64450634347;479,666666666667;0,894344313238036;0,917724648985103
300;412;33,6;270,256930024504;479,555555555556;0,894137145224777;0,926549412849283
308;332;9,9;256,607502246249;479,444444444444;0,893929977211518;0,92060116722025
316;320;7,5;231,519801751657;479,111111111111;0,893308473171742;0,91229342724275
303;359;17,7;267,552951357676;478,888888888889;0,892894137145225;0,91143113504575
300;395;28,5;270,303149443714;478,555555555556;0,892272633105448;0,914789823577142
316;325;9;237,68038349182;478,222222222222;0,891651129065672;0,903737976665054
312;332;10,2;249,943905263425;478,111111111111;0,891443961052413;0,908776800278129
300;375;22,5;270,384529659585;477,222222222222;0,889786616946343;0,913012059825849
315;328;9,6;242,198541220066;476,777777777778;0,888957944893308;0,90348746724595
307;343;13,2;261,304497122575;476,222222222222;0,887922104827015;0,911557195857442
299;389;26,7;270,971021931079;475,444444444444;0,886471928734203;0,915430404037614
292;387;26,4;275,612203229325;474,777777777778;0,885228920654651;0,933899474862282
326;427;39;258,602991940263;474,111111111111;0,883985912575098;0,905737610051011
321;318;8,1;220,486011541999;473;0,881914232442511;0,900688116073067
318;330;10,5;239,322719978204;472,333333333333;0,880671224362958;0,893504948151188
308;357;17,4;262,438571572333;472,222222222222;0,8804640563497;0,898406436048653
313;419;36;263,978409860957;472,222222222222;0,8804640563497;0,910557296831396
302;406;31,8;269,18542295024;471,444444444444;0,879013880256888;0,916835306297761
444;318;43,5;186,952957468174;471,333333333333;0,878806712243629;0,863734101097597
322;323;9,6;226,301952672579;471,333333333333;0,878806712243629;0,889830552124253
308;418;35,4;266,347777219694;471,222222222222;0,878599544230371;0,917186661943391
315;357;17,7;255,606407031509;470,888888888889;0,877978040190595;0,881092440923273
323;314;8,1;210,963756532074;470,777777777778;0,877770872177336;0,898172932726467
323;420;36,6;259,336927874732;470,666666666667;0,877563704164077;0,896756568629571
310;345;13,8;257,94921511659;469,555555555556;0,875492024031489;0,901880315871619
304;379;23,7;267,447101852828;468,777777777778;0,874041847938678;0,902266913696283
304;373;21,9;267,236142629087;468,666666666667;0,87383467992542;0,903009980423515
306;363;18,9;264,970926418215;468,444444444444;0,873420343898902;0,901255536494428
308;412;33,6;266,151820539075;467,777777777778;0,872177335819349;0,910080571002977
332;319;11,1;210,425783801961;467,555555555556;0,871762999792832;0,87091824050311
321;326;9,9;231,203447901692;467;0,870727159726538;0,890716136331741
326;317;9,3;212,905242922988;466,888888888889;0,870519991713279;0,88702606430436
316;343;13,8;249,962789830807;466,777777777778;0,870312823700021;0,887036295067485
326;419;36,6;257,855721950433;465,888888888889;0,868655479593951;0,89194605464542
306;369;20,7;265,409456814394;464,555555555556;0,866169463434846;0,898990698757976
317;335;11,7;244,440034828176;464,444444444444;0,865962295421587;0,891196511006679
317;412;33,9;261,582342822987;463,888888888889;0,864926455355293;0,894490669343776
306;401;30,3;266,867534801432;463,666666666667;0,864512119328776;0,904559046749284
439;316;42;186,385592512567;463,555555555556;0,864304951315517;0,854068718111401
309;371;21,6;263,125181971296;463,444444444444;0,864097783302258;0,890795414294697
442;314;42,9;185,449886104539;463,222222222222;0,863683447275741;0,861076747172198
311;402;30,9;264,093858886229;462,777777777778;0,862854775222706;0,895663774566268
315;338;12,3;248,860175191342;462,555555555556;0,862440439196188;0,893749859716823
312;407;32,4;263,837011130884;462,444444444444;0,862233271182929;0,898133905228503
305;384;25,2;266,915187669502;462;0,861404599129894;0,900086152167469
316;349;15,6;252,276763383114;461,888888888889;0,861197431116636;0,882438823116836
330;316;10,2;207,718501628183;461,777777777778;0,860990263103377;0,878272559006608
332;422;37,8;255,46554491946;461,444444444444;0,860368759063601;0,889831701515074
315;405;31,8;262,100308385735;461,444444444444;0,860368759063601;0,890670856709444
309;360;18,3;261,869897645844;461,111111111111;0,859747255023824;0,894352372251625
327;327;11,4;225;461;0,859540087010566;0,874239272424884
321;401;30,9;258,470964274646;460,888888888889;0,859332918997307;0,877199149663984
325;339;13,8;237,528807709152;460,666666666667;0,858918582970789;0,869067825737187
321;333;11,7;237,757532160877;460,555555555556;0,85871141495753;0,883082751840133
312;380;24,3;261,76902489881;460,444444444444;0,858504246944272;0,883843909531309
308;376;22,8;264,326977860075;460,111111111111;0,857882742904495;0,892887386833458
333;425;38,7;255,369759364482;459,888888888889;0,857468406877978;0,893930884149016
311;388;26,7;263,157226587369;459,222222222222;0,856225398798426;0,887772507428713
324;406;32,7;257,442443783721;459,111111111111;0,856018230785167;0,877818892212817
317;394;28,8;259,992020198559;459,111111111111;0,856018230785167;0,879062896927485
319;397;29,7;259,147509139747;458,333333333333;0,854568054692355;0,877465775226291
307;395;28,5;266,065217943631;458,222222222222;0,854360886679097;0,898946948450294
312;396;29,1;263,133570197502;458;0,853946550652579;0,88951467603532
313;347;14,7;254,953608167801;457,777777777778;0,853532214626062;0,891726866941638
313;374;22,5;260,348166533196;457,333333333333;0,852703542573027;0,881534474953915
316;376;23,4;258,398488467987;456,666666666667;0,851460534493474;0,874994261898287
319;350;15,9;249,50740523013;456,444444444444;0,851046198466957;0,875911974997964
435;311;40,8;184,463851181968;455,222222222222;0,84876735032111;0,848833475626605
318;361;19,2;253,867159469515;454,777777777778;0,847938678268075;0,872410133772619
324;335;12,6;235,738897100905;454;0,846488502175264;0,87470556584988
332;323;11,7;215,537677791974;453,888888888889;0,846281334162005;0,867309774577242
332;408;33,9;253,668188391532;453,777777777778;0,846074166148747;0,870018744343918
327;410;33,9;256,395471135368;453,777777777778;0,846074166148747;0,877882789316787
328;337;13,8;233,004728857293;453,333333333333;0,845245494095711;0,864047474670587
322;341;13,8;242,037767795626;453,111111111111;0,844831158069194;0,874870950016783
323;394;29,1;256,469506897677;453;0,844623990055935;0,868886032173804
431;312;39,6;185,036044295239;452,111111111111;0,842966645949865;0,841590830669331
323;357;18,3;248,286064918224;452,111111111111;0,842966645949865;0,863872036081518
334;419;37,2;254,214379980268;451,888888888889;0,842552309923348;0,883429013884705
323;387;27;255,419579602796;451,333333333333;0,841516469857054;0,864912942603681
322;346;15,3;244,707978842979;451;0,840894965817278;0,87065094266886
317;366;20,4;255,86089168835;450,444444444444;0,839859125750984;0,873812314220652
320;388;27;257,436530601482;450,222222222222;0,839444789724466;0,870488264538418
340;407;34,2;249,650584722625;448,888888888889;0,836958773565362;0,860306725524004
332;337;14,7;229,205357001709;448,444444444444;0,836130101512326;0,854872907743945
338;317;12,6;203,749494492867;448,333333333333;0,835922933499068;0,858955251175589
340;320;13,5;206,274212154727;448,111111111111;0,83550859747255;0,85240607385947
329;334;13,5;229,610649318661;448,111111111111;0,83550859747255;0,862742959785678
343;314;13,5;197,622297228668;447,888888888889;0,835094261446033;0,853703850227743
335;402;32,4;251,22702690114;447,777777777778;0,834887093432774;0,859753327720784
430;316;39,3;186,825326464476;447,555555555556;0,834472757406256;0,838165806198602
344;318;14,1;201,914866327192;447,444444444444;0,834265589392998;0,848649608650859
327;392;28,8;253,848059285369;447;0,833436917339963;0,861435826616955
339;327;14,1;214,540090907071;446,777777777778;0,833022581313445;0,849708744850821
323;362;19,8;249,904768808095;446,444444444444;0,832401077273669;0,862137631133789
338;333;15;220,914383220025;446,222222222222;0,831986741247151;0,846905210022232
425;316;37,8;187,096694166575;445,888888888889;0,831365237207375;0,830900250899953
331;403;32,4;253,429048833086;445,444444444444;0,83053656515434;0,865570516109367
328;395;29,7;253,774724638822;445,111111111111;0,829915061114564;0,862062516647522
326;365;21;248,428692808745;445;0,829707893101305;0,855823671177127
329;356;18,9;242,818888914523;444,777777777778;0,829293557074788;0,85198839791683
331;351;18;238,869686438505;444,444444444444;0,828672053035011;0,849403520489805
326;370;22,5;249,851585859712;443,888888888889;0,827636212968718;0,85548052563488
332;391;28,8;250,808715184252;443,777777777778;0,827429044955459;0,85370359875006
422;314;36,9;186,34019174591;443,555555555556;0,827014708928941;0,827984667498643
331;394;29,7;251,933507702416;443;0,825978868862648;0,857262863614634
330;382;26,1;250,101608713823;442,666666666667;0,825357364822871;0,851787333376025
324;381;25,2;253,726130665304;442;0,824114356743319;0,861057657349789
330;342;15,6;234,59313426273;441,888888888889;0,82390718873006;0,855303578843218
333;343;16,2;232,594643368591;440,666666666667;0,821628340584214;0,849895853265025
341;415;36,6;250,520712531575;440,666666666667;0,821628340584214;0,870779089971828
336;349;18,3;233,797410709991;440,555555555556;0,821421172570955;0,841459431751237
327;348;16,5;240,843082117687;440,555555555556;0,821421172570955;0,858921112454861
337;363;21,9;239,715071650598;439,666666666667;0,819763828464885;0,837763739829223
336;382;27;246,46288592472;438,555555555556;0,817692148332297;0,843427090500394
332;371;23,4;245,924501744921;438,444444444444;0,817484980319039;0,845723017683786
336;354;19,5;236,433681265427;437,888888888889;0,816449140252745;0,840183077612077
341;335;16,2;220,426078740099;437;0,814791796146675;0,839725040968798
339;338;16,2;224,246151666929;436,777777777778;0,814377460120157;0,842255352536451
336;366;22,5;241,542983404563;436,333333333333;0,813548788067122;0,839387379705128
347;333;17,1;214,950651411875;434,666666666667;0,810441267868241;0,832359110921412
354;315;16,8;195,164460899738;434;0,809198259788689;0,834679636508133
349;320;15,9;201,903178081839;433,666666666667;0,808576755748912;0,837557852515524
349;338;18,6;217,71104767639;433,666666666667;0,808576755748912;0,826473270224803
349;329;17,1;210,439724380643;433,555555555556;0,808369587735653;0,831114023830996
347;345;19,5;223,740954792825;433,111111111111;0,807540915682619;0,826621678923683
347;326;16,2;208,739795291688;432,888888888889;0,807126579656101;0,835677497794751
332;355;19,2;239,972875766787;432,777777777778;0,806919411642842;0,846378652307907
336;375;24,9;244,52173027592;432,222222222222;0,805883571576549;0,840876802108993
360;312;18,3;190,939091183192;432,111111111111;0,80567640356329;0,829719840722183
344;334;16,5;217,600405340113;432,111111111111;0,80567640356329;0,836610064828215
336;358;20,4;238,3091786954;430,111111111111;0,801947379324632;0,83982040360499
343;339;17,4;222,172875421839;429,555555555556;0,800911539258338;0,834635796489712
356;339;20,4;214,748801249183;429,222222222222;0,800290035218562;0,818041555035952
346;360;22,8;232,594643368591;428,777777777778;0,799461363165527;0,825479688347389
345;349;19,8;227,462816675917;428,333333333333;0,798632691112492;0,82870958607095
364;314;19,8;192,002294898784;428,111111111111;0,798218355085975;0,822877200821176
336;371;24;243,272638266985;427,444444444444;0,796975347006422;0,839693087814122
348;350;20,7;226,181188913327;427,222222222222;0,796561010979905;0,82438719616184
342;351;19,8;230,587243964204;427;0,796146674953387;0,831909263329074
361;319;19,2;197,002852638757;426,888888888889;0,795939506940128;0,822733007549578
358;331;19,8;207,943034423383;426,888888888889;0,795939506940128;0,818667386165243
341;354;20,4;232,873938131726;426,666666666667;0,795525170913611;0,832485691867227
341;365;23,1;237,875001559612;426,444444444444;0,795110834887093;0,832182171102564
376;335;25,2;204,558203441583;424,666666666667;0,791796146674953;0,80444400700117
361;330;20,4;205,994015803963;424,666666666667;0,791796146674953;0,816355864714673
365;343;23,4;213,381475647205;424,333333333333;0,791174642635177;0,808921828804461
378;323;24,3;196,189206257027;423,555555555556;0,789724466542366;0,808097186909462
355;335;19,5;212,334936234958;423,111111111111;0,788895794489331;0,820631904821537
354;348;21,6;221,600285840877;422,888888888889;0,788481458462813;0,817878165893567
343;359;21,9;234,001755122561;422,333333333333;0,787445618396519;0,829477496220252
364;323;20,4;199,510799443713;421,888888888889;0,786616946343485;0,817286132726279
357;328;18,9;205,953375702364;421,666666666667;0,786202610316967;0,822244178444319
351;344;20,1;220,74115387783;421,222222222222;0,785373938263932;0,822227568741547
359;335;20,7;210,529705899934;421,111111111111;0,785166770250673;0,815756101309487
367;315;20,7;192,300538878998;420,666666666667;0,784338098197638;0,819477546322143
372;339;24,6;208,300755766006;420,555555555556;0,784130930184379;0,805449563995
352;355;22,8;226,621145913653;420,111111111111;0,783302258131344;0,818874819984332
366;351;24,9;217,631948928378;420;0,783095090118086;0,808011306882915
385;331;27;199,846882861526;419,888888888889;0,782887922104827;0,803455988000576
363;326;20,4;202,195459528679;419,888888888889;0,782887922104827;0,816675938102878
365;329;21,3;203,838740183172;419,888888888889;0,782887922104827;0,813426568530105
357;352;23,1;222,349310316578;418,888888888889;0,781023409985498;0,814511849371387
381;322;25,2;194,95356475319;418,333333333333;0,779987569919204;0,807269062454751
377;329;24,6;200,432828679399;417,888888888889;0,779158897866169;0,806051610935537
354;342;20,4;217,800766361632;417,888888888889;0,779158897866169;0,819427947077126
372;343;25,2;210,7274866156;417,666666666667;0,778744561839652;0,804917582769565
372;325;22,8;198,914400221719;417,555555555556;0,778537393826393;0,810231456525913
367;340;23,4;210,709674918182;417,555555555556;0,778537393826393;0,808178706922237
360;350;23,4;219,75818005302;417,555555555556;0,778537393826393;0,812036855516549
361;340;21,9;213,140220879052;416,888888888889;0,777294385746841;0,812651957909454
363;334;21,6;208,191308373793;416,222222222222;0,776051377667288;0,81249931086448
382;339;27,3;205,285705484702;415,777777777778;0,775222705614253;0,802393788039509
381;326;25,5;197,57664929289;415,333333333333;0,774394033561218;0,805663022281926
388;327;27,6;196,849311411825;415,333333333333;0,774394033561218;0,804266050086062
370;349;25,5;214,908942761111;415;0,773772529521442;0,80585598567668
369;332;22,8;204,69552629004;414,555555555556;0,772943857468407;0,809121582565313
372;334;24;205,104568665234;413,777777777778;0,771493681375596;0,80643737272192
386;321;26,7;193,483060027405;412,888888888889;0,769836337269526;0,806505244994222
378;341;26,4;207,590697253043;412,666666666667;0,769422001243008;0,803066279035806
363;354;24,9;220,563525514343;411;0,766314481044127;0,809821927534598
